id;fecha;numero;hora_solicitud;domicilio;telefono;edad;observaciones
1;2022-01-24T09:23:28;91673;2022-01-23T22:45:55;architectures Investment;Macedonia Re-implementado;91565;Cataluña Fantástico
2;2022-01-23T22:55:15;93233;2022-01-24T01:44:27;alarm Gerente Productor;protocol Técnico;69825;deposit
3;2022-01-23T17:40:06;75740;2022-01-24T02:58:00;Navarra capacitor;CSS;83316;reboot Asistente Deportes
4;2022-01-23T23:11:40;98600;2022-01-24T06:47:19;Salchichas capacitor;FTP;48561;Berkshire
5;2022-01-23T20:19:36;56573;2022-01-24T08:10:50;Productor nacional invoice;ADP Muelle Amarillo;33282;Krone Electrónica Rial
6;2022-01-23T20:44:56;90720;2022-01-24T07:16:11;Parafarmacia indexing;cutting-edge Gris Videojuegos;95199;Verde
7;2022-01-23T23:58:53;65749;2022-01-23T18:48:08;withdrawal;Pelota deposit;75856;bypassing Consultor
8;2022-01-23T16:10:16;69083;2022-01-24T01:55:59;Somoni;Togo web-readiness Marruecos;10850;monitor monitor
9;2022-01-23T16:05:51;12205;2022-01-23T21:13:51;visionary XSS sexy;partnerships;62966;Kenia Bedfordshire
10;2022-01-24T12:31:40;62265;2022-01-24T11:56:37;Senior;Auto Hogar;39022;Liberia Productor
